name,phone,category
RR Plumbing Roto-Rooter,(917) 997-7507,PlumbersPlumbing-Drain & Sewer CleaningFire & Water Damage Restoration
Aladdin Plumbing Corp.,(347) 395-4715,PlumbersAir Conditioning Contractors & SystemsVentilating Contractors
Blend Air Mechanical Corp,(845) 367-9297,PlumbersAir Conditioning Contractors & SystemsVentilating Contractors
All Pro Cleaning & Restoration,(844) 574-1739,PlumbersFire & Water Damage RestorationWater Damage Restoration
RR Plumbing Roto-Rooter,(917) 997-5839,PlumbersWater Damage Emergency ServiceSewer Cleaners & Repairers
RR Plumbing Roto-Rooter,(332) 264-5096,PlumbersFire & Water Damage RestorationSewer Contractors
RR Plumbing Roto-Rooter,(929) 581-6291,PlumbersWater Damage RestorationSewer Contractors
RR Plumbing Roto-Rooter,(917) 814-2201,PlumbersGrease TrapsSewer Cleaners & Repairers
Roto-Rooter Plumbing & Water Cleanup,(845) 743-8996,PlumbersPlumbing Contractors-Commercial & IndustrialSewer Cleaners & Repairers
Roto-Rooter Plumbing & Water Cleanup,(914) 537-1017,PlumbersPlumbing Contractors-Commercial & IndustrialWater Damage Emergency Service
Roto-Rooter Plumbing & Water Cleanup,(914) 730-2167,PlumbersFire & Water Damage RestorationGrease Traps
Roto-Rooter Plumbing & Water Cleanup,(914) 595-1722,PlumbersGrease TrapsSewer Contractors
Roto-Rooter Plumbing & Water Cleanup,(914) 303-5129,"PlumbersGrease TrapsPlumbing, Drains & Sewer Consultants"
Roto-Rooter Plumbing & Water Cleanup,(845) 881-2740,PlumbersWater HeatersPlumbing-Drain & Sewer Cleaning
"Fred Smith Plumbing & Heating Co., Inc.",(212) 744-1300,PlumbersHeating Contractors & SpecialtiesWater Filtration & Purification Equipment
Lopez Plumbing & Heating Mechanical,(646) 765-6232,PlumbersPlumbing-Drain & Sewer Cleaning
24/7 Manhattan Plumbing NYC,(646) 543-5763,PlumbersSewer Cleaners & Repairers
New York Plumber,(347) 382-7979,Plumbers
Hoboken Plumber Pros,(862) 308-1036,Plumbers
RR Plumbing Roto-Rooter,(212) 687-1662,Plumbers
Local Plumbing New York NY,(718) 508-4834,PlumbersPlumbing EngineersPlumbing Contractors-Commercial & Industrial
PlumberPals,(650) 273-9817,Plumbers
HBNY Plumbing & Heating,(347) 830-7568,Plumbers
Unclog NYC,(888) 668-6256,Plumbers
Quality Plumbing Service in New York NY,(718) 799-5057,PlumbersPlumbing Contractors-Commercial & IndustrialWater Heater Repair
"Ariel Services, Inc.",(718) 557-9604,PlumbersHome ImprovementsPlumbing-Drain & Sewer Cleaning
Ariel Quality Plumbing,(212) 433-2655,PlumbersFlood Control EquipmentBackflow Prevention Devices & Services
Sink Plumbers New York NY,(718) 799-5057,PlumbersPlumbing EngineersPlumbing Contractors-Commercial & Industrial
New York Local Plumbing Contractors,(718) 508-4834,PlumbersPlumbing Contractors-Commercial & IndustrialWater Heater Repair
WaterHouse Toilet Repair,(212) 777-3002,PlumbersGeneral ContractorsHome Improvements
